batch_idx,in_batch_idx,dice,iou,hausdorff
0,0,0.9008783102035522,0.8196346759796143,8.48528137423857
0,1,0.9096167683601379,0.8342174887657166,8.48528137423857
0,2,0.9106481671333313,0.8359541296958923,13.0
0,3,0.8964785933494568,0.8123798370361328,20.248456731316587
0,4,0.8976109027862549,0.8142414689064026,24.758836806279895
0,5,0.9123931527137756,0.8388997912406921,12.727922061357855
0,6,0.9140584468841553,0.8417197465896606,11.40175425099138
0,7,0.9190829396247864,0.8502807021141052,8.48528137423857
0,8,0.9099187254905701,0.834725558757782,16.76305461424021
0,9,0.8893851637840271,0.8008043169975281,15.297058540778355
0,10,0.9036228656768799,0.8241898417472839,16.0312195418814
0,11,0.9008620977401733,0.8196078538894653,15.0
0,12,0.864642322063446,0.7615593671798706,43.56604182158393
0,13,0.8685433864593506,0.7676329612731934,43.382023926967726
0,14,0.8561473488807678,0.7484769225120544,18.973665961010276
0,15,0.8791868686676025,0.7844188213348389,17.88854381999832
1,0,0.8941073417663574,0.8084937334060669,18.681541692269406
1,1,0.9101099371910095,0.8350474834442139,18.0
1,2,0.9028124809265137,0.8228424191474915,17.0
1,3,0.8995068669319153,0.8173670768737793,17.029386365926403
1,4,0.8997699618339539,0.8178016543388367,17.11724276862369
1,5,0.903598427772522,0.8241491317749023,16.76305461424021
1,6,0.892998993396759,0.8066830635070801,15.652475842498529
1,7,0.9030852317810059,0.8232957124710083,16.15549442140351
1,8,0.9180098176002502,0.8484455943107605,30.083217912982647
1,9,0.9145050644874573,0.8424775004386902,29.832867780352597
1,10,0.9170202612876892,0.846756637096405,27.202941017470888
1,11,0.9314278960227966,0.8716565370559692,20.12461179749811
1,12,0.9215000867843628,0.8544275760650635,20.808652046684813
1,13,0.9253507256507874,0.8610722422599792,37.44329045369811
1,14,0.9290143251419067,0.867438554763794,38.8329756778952
1,15,0.925015926361084,0.8604926466941833,40.0
2,0,0.9229779839515686,0.8569722771644592,41.048751503547585
2,1,0.9187989830970764,0.8497947454452515,41.10960958218893
2,2,0.9171941876411438,0.8470532298088074,40.311288741492746
2,3,0.8895838856697083,0.8011265993118286,38.2099463490856
2,4,0.9048094749450684,0.8261662721633911,35.35533905932738
2,5,0.9044806361198425,0.8256180882453918,34.713109915419565
2,6,0.9022403359413147,0.8218923807144165,31.89043743820395
2,7,0.903705894947052,0.8243279457092285,30.4138126514911
2,8,0.9028787612915039,0.8229525685310364,31.11269837220809
2,9,0.8978068232536316,0.8145639300346375,30.083217912982647
2,10,0.9268612861633301,0.8636919260025024,7.0
2,11,0.9336460828781128,0.8755499720573425,8.0
2,12,0.9307000637054443,0.8703826069831848,8.0
2,13,0.9271574020385742,0.8642063736915588,9.899494936611665
2,14,0.9217838048934937,0.8549155592918396,7.0710678118654755
2,15,0.9258716702461243,0.8619748950004578,6.708203932499369
3,0,0.9448769688606262,0.8955135941505432,6.708203932499369
3,1,0.9488010406494141,0.9025893807411194,6.082762530298219
3,2,0.9524135589599609,0.9091503024101257,6.0
3,3,0.935171365737915,0.8782365322113037,5.0990195135927845
3,4,0.9069254398345947,0.8297013640403748,6.708203932499369
3,5,0.932941734790802,0.8743119239807129,3.1622776601683795
3,6,0.9281594157218933,0.8659490942955017,5.0
3,7,0.9366940259933472,0.8809261322021484,4.0
3,8,0.9530112743377686,0.9102401733398438,16.278820596099706
3,9,0.92166668176651,0.854714035987854,5.0
3,10,0.8632707595825195,0.7594339847564697,5.0
3,11,0.8965517282485962,0.8125,2.8284271247461903
3,12,0.8631578683853149,0.7592592835426331,2.0
3,13,0.7076923251152039,0.5476190447807312,2.0
3,14,0.5000000596046448,0.3333333432674408,2.23606797749979
3,15,0.07486631721258163,0.03888889402151108,44.721359549995796
4,0,0.2008032202720642,0.1116071492433548,42.20189569201838
4,1,0.485049843788147,0.320175439119339,36.069377593742864
4,2,0.5243242979049683,0.3553113639354706,36.124783736376884
4,3,0.535469114780426,0.3656249940395355,31.38470965295043
4,4,0.8233576416969299,0.6997518539428711,29.154759474226502
4,5,0.8300577998161316,0.709486186504364,26.248809496813376
4,6,0.8861788511276245,0.7956204414367676,9.0
4,7,0.891105592250824,0.8035982251167297,2.8284271247461903
4,8,0.8866768479347229,0.7964236736297607,4.242640687119285
4,9,0.8957239389419556,0.811141312122345,4.242640687119285
4,10,0.9184423089027405,0.8491848111152649,4.242640687119285
4,11,0.9197080135345459,0.8513513803482056,3.0
4,12,0.9288281798362732,0.8671140670776367,3.0
4,13,0.903954803943634,0.8247422575950623,4.123105625617661
4,14,0.8154311776161194,0.6883780360221863,5.0990195135927845
4,15,0.8184019327163696,0.6926229596138,11.661903789690601
5,0,0.8478803038597107,0.7359307408332825,12.083045973594572
5,1,0.9204864501953125,0.8526862859725952,3.1622776601683795
5,2,0.9209302067756653,0.8534482717514038,29.068883707497267
5,3,0.8916967511177063,0.8045602440834045,29.410882339705484
5,4,0.8766603469848633,0.7804054021835327,29.732137494637012
5,5,0.8782435059547424,0.7829181551933289,28.792360097775937
5,6,0.868937075138092,0.7682482004165649,29.546573405388315
5,7,0.7794561982154846,0.6386138796806335,32.64965543462902
5,8,0.6680327653884888,0.5015384554862976,38.62641583165593
5,9,0.6418604850769043,0.4726027250289917,37.69615364994153
5,10,0.5750635862350464,0.4035714268684387,21.095023109728988
5,11,0.7172264456748962,0.5591216087341309,12.806248474865697
5,12,0.763557493686676,0.6175438761711121,9.433981132056603
5,13,0.7670329809188843,0.6221033930778503,6.082762530298219
5,14,0.8454746007919312,0.7323135733604431,5.0
5,15,0.7803278565406799,0.6397849321365356,7.810249675906654
6,0,0.6499302387237549,0.48140496015548706,29.068883707497267
6,1,0.7510548233985901,0.6013513803482056,26.832815729997478
6,2,0.8372740149497986,0.720095694065094,25.80697580112788
6,3,0.8757575750350952,0.7789757251739502,24.20743687382041
6,4,0.9052969217300415,0.8269794583320618,2.0
6,5,0.8466019630432129,0.7340067625045776,3.0
6,6,0.7895878553390503,0.6523297429084778,2.8284271247461903
6,7,0.8480725884437561,0.7362204790115356,2.23606797749979
6,8,0.8088235259056091,0.6790123581886292,2.8284271247461903
6,9,0.8453608155250549,0.7321428656578064,2.8284271247461903
6,10,0.8539944887161255,0.745192289352417,2.23606797749979
6,11,0.805031418800354,0.6736842393875122,3.1622776601683795
6,12,0.7984189987182617,0.6644737124443054,2.8284271247461903
6,13,0.7542856931686401,0.60550457239151,2.23606797749979
6,14,0.4536082446575165,0.29333335161209106,5.385164807134504
6,15,1.8518518274390772e-08,1.8518518274390772e-08,84.17244204607586
7,0,1.999999987845058e-08,1.999999987845058e-08,82.20097323024831
7,1,3.921568403342235e-09,3.921568403342235e-09,64.77653896280658
7,2,0.6844319701194763,0.5202558636665344,50.039984012787215
7,3,0.634854793548584,0.46504560112953186,49.16299421312742
7,4,0.690875232219696,0.5277382731437683,7.615773105863909
7,5,0.802744448184967,0.670487105846405,6.0
7,6,0.8808664083480835,0.7870967984199524,12.529964086141668
7,7,0.879867434501648,0.7855029702186584,7.0710678118654755
7,8,0.8515928387641907,0.741542637348175,8.602325267042627
7,9,0.8926223516464233,0.8060685992240906,9.219544457292887
7,10,0.8997954726219177,0.8178438544273376,9.899494936611665
7,11,0.8952978253364563,0.8104426860809326,10.0
7,12,0.9030760526657104,0.823280394077301,9.219544457292887
7,13,0.9198088049888611,0.8515241146087646,7.280109889280518
7,14,0.9345980882644653,0.8772258758544922,5.0
7,15,0.951574981212616,0.907623291015625,5.0
8,0,0.9532030820846558,0.9105902910232544,5.0
8,1,0.9584086537361145,0.9201388955116272,4.123105625617661
8,2,0.9606087803840637,0.9242032766342163,4.47213595499958
8,3,0.95652174949646,0.9166666865348816,5.0
8,4,0.9542253613471985,0.9124578833580017,5.0
8,5,0.9486836194992065,0.9023768901824951,5.0
8,6,0.9443690776824951,0.8946015238761902,4.242640687119285
8,7,0.9451051950454712,0.8959236741065979,5.0
8,8,0.9477577209472656,0.9007030129432678,6.324555320336759
8,9,0.9462867975234985,0.8980496525764465,6.4031242374328485
8,10,0.9414564371109009,0.8893885016441345,7.211102550927978
8,11,0.943710207939148,0.8934198617935181,8.94427190999916
8,12,0.9441423416137695,0.8941947817802429,18.973665961010276
8,13,0.9541463255882263,0.9123134613037109,7.615773105863909
8,14,0.9554924368858337,0.9147778749465942,6.324555320336759
8,15,0.9366976618766785,0.8809325695037842,10.295630140987
9,0,0.924065887928009,0.8588498830795288,10.770329614269007
9,1,0.9269372820854187,0.8638239502906799,10.770329614269007
9,2,0.9291393160820007,0.8676565289497375,25.179356624028344
9,3,0.903139591217041,0.8233861327171326,27.459060435491963
9,4,0.8974789977073669,0.8140243887901306,23.40939982143925
9,5,0.8807339668273926,0.7868852615356445,23.0
9,6,0.8674948215484619,0.7659963369369507,24.0
9,7,0.8417582511901855,0.7267552018165588,24.0
9,8,0.8630610108375549,0.7591093182563782,21.095023109728988
9,9,0.8933224678039551,0.80721116065979,14.7648230602334
9,10,0.9021873474121094,0.8218045234680176,13.892443989449804
9,11,0.9195100665092468,0.8510121703147888,7.0
9,12,0.9339534640312195,0.8760907649993896,6.0
9,13,0.932104766368866,0.8728428483009338,5.385164807134504
9,14,0.9283552169799805,0.8662900328636169,2.8284271247461903
9,15,0.9408194422721863,0.8882521390914917,4.242640687119285
10,0,0.9463562965393066,0.8981748223304749,3.1622776601683795
10,1,0.9321594834327698,0.872938871383667,3.605551275463989
10,2,0.9530761241912842,0.9103585481643677,3.1622776601683795
10,3,0.9673970937728882,0.9368529915809631,1.4142135623730951
10,4,0.9691630005836487,0.94017094373703,1.0
10,5,0.9647727012634277,0.9319429397583008,2.23606797749979
10,6,0.9665471911430359,0.9352601170539856,2.8284271247461903
10,7,0.9526248574256897,0.9095354676246643,2.8284271247461903
10,8,0.955913245677948,0.9155495762825012,2.23606797749979
10,9,0.9286274313926697,0.86676424741745,3.0
10,10,0.9199288487434387,0.8517298102378845,3.1622776601683795
10,11,0.904330313205719,0.8253676295280457,3.605551275463989
10,12,0.8730350732803345,0.774678111076355,3.1622776601683795
10,13,0.7680251002311707,0.6234096884727478,4.123105625617661
10,14,0.5442478060722351,0.3738601803779602,5.0
10,15,0.23728813230991364,0.13461539149284363,11.180339887498949
11,0,0.609555184841156,0.4383886158466339,22.360679774997898
11,1,0.5907692313194275,0.4192139804363251,23.194827009486403
11,2,0.642092764377594,0.4728546440601349,24.08318915758459
11,3,0.5503512620925903,0.37964460253715515,27.294688127912362
11,4,0.5898734331130981,0.4183124005794525,26.870057685088806
11,5,0.6578680276870728,0.49016642570495605,24.041630560342615
11,6,0.7256046533584595,0.5693717002868652,17.0
11,7,0.8293020129203796,0.7083825469017029,16.492422502470642
11,8,0.8547717928886414,0.7463768124580383,15.652475842498529
11,9,0.8576104640960693,0.7507163286209106,12.529964086141668
11,10,0.8639287352561951,0.7604529857635498,11.180339887498949
11,11,0.9057431221008301,0.8277243375778198,9.899494936611665
11,12,0.9255189299583435,0.8613636493682861,9.219544457292887
11,13,0.9344262480735779,0.8769230842590332,7.810249675906654
11,14,0.9386526346206665,0.8843971490859985,7.0710678118654755
11,15,0.9455209970474243,0.8966712951660156,7.0710678118654755
12,0,0.9465703964233398,0.898560643196106,7.0710678118654755
12,1,0.9347368478775024,0.8774703741073608,11.661903789690601
12,2,0.9258614778518677,0.8619572520256042,12.083045973594572
12,3,0.9252136945724487,0.8608350157737732,11.661903789690601
12,4,0.9436513781547546,0.8933143615722656,7.280109889280518
12,5,0.928824245929718,0.8671072125434875,11.704699910719626
12,6,0.9282417297363281,0.8660923838615417,14.142135623730951
12,7,0.9296526908874512,0.8685523867607117,11.661903789690601
12,8,0.918367326259613,0.849056601524353,15.811388300841896
12,9,0.9211618304252625,0.8538461327552795,12.0
12,10,0.8920023441314697,0.805057942867279,8.246211251235321
12,11,0.8919288516044617,0.8049382567405701,7.0710678118654755
12,12,0.8817891478538513,0.7885714173316956,2.8284271247461903
12,13,0.8307393193244934,0.7104825377464294,4.123105625617661
12,14,0.8426527976989746,0.7280898690223694,6.0
12,15,0.7915936708450317,0.6550724506378174,4.123105625617661
13,0,0.5875371098518372,0.4159663915634155,7.0710678118654755
13,1,0.2352941334247589,0.13333334028720856,17.88854381999832
13,2,0.9366368651390076,0.8808250427246094,6.708203932499369
13,3,0.9364951848983765,0.8805744647979736,5.830951894845301
13,4,0.9301032423973083,0.8693392872810364,6.4031242374328485
13,5,0.9265803098678589,0.8632041215896606,6.708203932499369
13,6,0.9289575219154358,0.8673396110534668,8.06225774829855
13,7,0.927107036113739,0.8641188740730286,8.06225774829855
13,8,0.9332833290100098,0.8749121427536011,8.94427190999916
13,9,0.937313437461853,0.882022500038147,9.486832980505138
13,10,0.9379727840423584,0.8831908702850342,10.04987562112089
13,11,0.9311802983283997,0.8712230324745178,10.04987562112089
13,12,0.9223038554191589,0.8558106422424316,9.219544457292887
13,13,0.9335468411445618,0.8753753900527954,8.54400374531753
13,14,0.9178662300109863,0.8482003211975098,9.219544457292887
13,15,0.9192982316017151,0.850649356842041,9.848857801796104
14,0,0.9131627082824707,0.8402018547058105,10.63014581273465
14,1,0.9070208668708801,0.8298611044883728,9.219544457292887
14,2,0.8980010151863098,0.8148837089538574,10.295630140987
14,3,0.8964745402336121,0.8123732209205627,12.083045973594572
14,4,0.9221628308296204,0.8555678129196167,7.0
14,5,0.9103942513465881,0.8355262875556946,6.082762530298219
14,6,0.8864602446556091,0.7960741519927979,10.295630140987
14,7,0.8866498470306396,0.7963801026344299,5.0990195135927845
14,8,0.8745668530464172,0.7770935893058777,5.0990195135927845
14,9,0.8707085251808167,0.7710220217704773,12.806248474865697
14,10,0.8351309895515442,0.7169312238693237,20.12461179749811
14,11,0.8074073791503906,0.6770186424255371,8.54400374531753
14,12,0.7811059951782227,0.6408317685127258,9.899494936611665
14,13,0.7605224847793579,0.6135831475257874,10.816653826391969
14,14,0.7663158178329468,0.6211603879928589,8.06225774829855
14,15,0.7371273636817932,0.5836910009384155,5.0
15,0,0.5506072640419006,0.37988826632499695,14.422205101855956
15,1,0.9607610106468201,0.9244851469993591,7.0
15,2,0.961286187171936,0.9254581332206726,8.0
15,3,0.9706782102584839,0.9430270195007324,6.082762530298219
15,4,0.9558990001678467,0.9155234694480896,5.830951894845301
15,5,0.9543824791908264,0.9127453565597534,9.219544457292887
15,6,0.9521113038063049,0.9085996150970459,9.0
15,7,0.946931779384613,0.8992122411727905,8.246211251235321
15,8,0.9448225498199463,0.8954157829284668,8.06225774829855
15,9,0.9438284635543823,0.8936317563056946,8.0
15,10,0.9429124593734741,0.8919908404350281,5.656854249492381
15,11,0.9396088123321533,0.8860963582992554,6.4031242374328485
15,12,0.9519063234329224,0.9082263708114624,5.830951894845301
15,13,0.9485284686088562,0.9020962119102478,9.486832980505138
15,14,0.9498734474182129,0.9045323133468628,8.06225774829855
15,15,0.9556322693824768,0.915034294128418,8.94427190999916
16,0,0.9316721558570862,0.8720844388008118,7.810249675906654
16,1,0.9207974076271057,0.8532201647758484,8.48528137423857
16,2,0.9048749804496765,0.8262755274772644,8.602325267042627
16,3,0.8864468932151794,0.7960526347160339,8.54400374531753
16,4,0.883904218673706,0.7919608950614929,13.038404810405298
16,5,0.8644227981567383,0.7612188458442688,19.924858845171276
16,6,0.8381301164627075,0.7213631272315979,20.518284528683193
16,7,0.7927994132041931,0.6567255258560181,15.620499351813308
16,8,0.811141848564148,0.6822865009307861,15.556349186104045
16,9,0.8115083575248718,0.6828052401542664,20.591260281974
16,10,0.8094473481178284,0.6798921227455139,26.92582403567252
16,11,0.8416289687156677,0.7265625,27.294688127912362
16,12,0.8784732222557068,0.7832832932472229,26.92582403567252
16,13,0.9116607904434204,0.8376623392105103,21.0
16,14,0.8636003136634827,0.7599442005157471,37.48332962798263
16,15,0.8826864361763,0.7900078296661377,37.48332962798263
17,0,0.9237579703330994,0.8583180904388428,33.734255586866
17,1,0.9417142868041992,0.8898488283157349,31.575306807693888
17,2,0.9408060312271118,0.8882282972335815,31.78049716414141
17,3,0.9457468390464783,0.8970775008201599,30.59411708155671
17,4,0.932671844959259,0.8738380074501038,30.59411708155671
17,5,0.908527135848999,0.8323863744735718,31.78049716414141
17,6,0.8890876770019531,0.8003220558166504,31.575306807693888
17,7,0.9094827771186829,0.8339921236038208,29.614185789921695
17,8,0.8589909672737122,0.7528344392776489,28.861739379323623
17,9,0.8190789222717285,0.6935933232307434,28.635642126552707
17,10,0.7247706651687622,0.568345308303833,26.0
17,11,0.6733333468437195,0.5075376629829407,27.202941017470888
17,12,0.4555555582046509,0.2949640154838562,26.570660511172846
17,13,0.2142857313156128,0.12000001221895218,22.847319317591726
17,14,0.6229180693626404,0.4523463845252991,30.083217912982647
17,15,0.6684350371360779,0.5019920468330383,27.85677655436824
18,0,0.6971944570541382,0.5351485013961792,26.570660511172846
18,1,0.7106249928474426,0.5511391162872314,25.632011235952593
18,2,0.7360097169876099,0.5822906494140625,24.166091947189145
18,3,0.731663703918457,0.5768688321113586,20.248456731316587
18,4,0.7298633456230164,0.5746337175369263,19.72308292331602
18,5,0.7276308536529541,0.5718708634376526,17.69180601295413
18,6,0.7239944338798523,0.5673912763595581,18.439088914585774
18,7,0.7377928495407104,0.5845259428024292,18.601075237738275
18,8,0.7579433917999268,0.6102325320243835,18.867962264113206
18,9,0.7650273442268372,0.6194690465927124,23.769728648009426
18,10,0.767123281955719,0.6222222447395325,25.632011235952593
18,11,0.7558620572090149,0.6075388193130493,19.209372712298546
18,12,0.7602245211601257,0.6131953597068787,19.697715603592208
18,13,0.7754889130592346,0.6333049535751343,20.0
18,14,0.8038864731788635,0.6720820665359497,19.924858845171276
18,15,0.8243309259414673,0.7011589407920837,20.615528128088304
19,0,0.8331372141838074,0.7139976024627686,21.213203435596427
19,1,0.8268309235572815,0.7047841548919678,21.400934559032695
19,2,0.8220049738883972,0.6978000998497009,21.400934559032695
19,3,0.8190563321113586,0.6935608983039856,21.470910553583888
19,4,0.7980249524116516,0.6639280319213867,20.591260281974
19,5,0.7999040484428406,0.6665334105491638,19.1049731745428
19,6,0.8023397326469421,0.6699226498603821,18.027756377319946
19,7,0.8036299347877502,0.6717235445976257,12.529964086141668
19,8,0.7985811829566956,0.6646984219551086,12.165525060596439
19,9,0.7933076024055481,0.657423198223114,15.231546211727817
19,10,0.7949724793434143,0.6597131490707397,14.317821063276353
19,11,0.7770838737487793,0.635435163974762,13.92838827718412
19,12,0.7473593950271606,0.5966271758079529,13.0
19,13,0.7341005206108093,0.579904317855835,15.231546211727817
19,14,0.7293183207511902,0.5739583373069763,16.76305461424021
19,15,0.7302607893943787,0.575126588344574,21.02379604162864
20,0,0.7674418687820435,0.6226415038108826,21.0
20,1,0.8188976645469666,0.6933333277702332,18.681541692269406
20,2,0.8737040758132935,0.7757322192192078,13.601470508735444
20,3,0.8699029088020325,0.769759476184845,20.615528128088304
20,4,0.8809055089950562,0.7871592044830322,15.524174696260024
20,5,0.8707551956176758,0.7710951566696167,18.110770276274835
20,6,0.8741370439529419,0.7764151096343994,19.4164878389476
20,7,0.8704319000244141,0.770588219165802,19.1049731745428
20,8,0.8376362323760986,0.7206317782402039,19.924858845171276
20,9,0.8222748637199402,0.6981891393661499,21.37755832643195
20,10,0.8132529854774475,0.6852791905403137,19.4164878389476
20,11,0.7755101919174194,0.6333333253860474,19.4164878389476
20,12,0.8138256072998047,0.686092734336853,19.235384061671343
20,13,0.8177240490913391,0.6916524767875671,17.88854381999832
20,14,0.7823834419250488,0.6425532102584839,17.46424919657298
20,15,0.8041958212852478,0.6725146174430847,19.849433241279208
21,0,0.817258894443512,0.6909871101379395,22.80350850198276
21,1,0.7430830001831055,0.5911949872970581,3.605551275463989
21,2,0.3076923191547394,0.18181820213794708,20.0
21,3,0.8958930373191833,0.8114187121391296,24.413111231467404
21,4,0.889529287815094,0.8010380864143372,19.1049731745428
21,5,0.8806339502334595,0.786725640296936,21.400934559032695
21,6,0.8696569800376892,0.769374430179596,22.47220505424423
21,7,0.8668146729469299,0.7649363279342651,21.095023109728988
21,8,0.8903535008430481,0.8023757934570312,20.518284528683193
21,9,0.9288975596427917,0.8672350645065308,10.0
21,10,0.9421265125274658,0.8905852437019348,83.67795408588812
21,11,0.938151478767395,0.8835078477859497,84.40379138403677
21,12,0.9371766448020935,0.8817802667617798,6.708203932499369
21,13,0.8963893055915833,0.8122332692146301,18.601075237738275
21,14,0.871966540813446,0.7729970216751099,19.235384061671343
21,15,0.8294501304626465,0.7085987329483032,18.867962264113206
22,0,0.8197425007820129,0.6945454478263855,12.083045973594572
22,1,0.7694334387779236,0.6252676844596863,14.7648230602334
22,2,0.7140439748764038,0.5552631616592407,14.560219778561036
22,3,0.6074380278587341,0.4362017810344696,15.524174696260024
22,4,0.4455445408821106,0.2866241931915283,17.029386365926403
22,5,0.21808511018753052,0.12238805741071701,17.204650534085253
22,6,0.10978519916534424,0.05808081105351448,91.54780172128658
22,7,0.06117647513747215,0.031553398817777634,93.43446901438462
22,8,0.07500000298023224,0.03896104171872139,82.21921916437786
22,9,0.05633803457021713,0.028985511511564255,82.76472678623425
22,10,0.046511631458997726,0.02380952797830105,84.38009243891595
22,11,0.18487396836280823,0.10185185819864273,54.56189146281496
22,12,0.1881188154220581,0.103825144469738,53.81449618829484
22,13,0.2013888955116272,0.11196912080049515,48.79549159502341
22,14,0.4554973840713501,0.29491525888442993,47.4236228055175
22,15,0.6348448395729065,0.46503496170043945,43.278170016764804
23,0,0.8450704216957092,0.7317073345184326,5.385164807134504
23,1,0.8395061492919922,0.7234042286872864,5.0990195135927845
23,2,0.8821428418159485,0.7891373634338379,4.47213595499958
23,3,0.9104938507080078,0.8356940746307373,2.23606797749979
23,4,0.8886043429374695,0.7995391488075256,3.0
23,5,0.9191011190414429,0.8503118753433228,3.1622776601683795
23,6,0.9459459185600281,0.8974359035491943,3.1622776601683795
23,7,0.9480769038200378,0.9012796878814697,2.23606797749979
23,8,0.9453551769256592,0.8963730335235596,3.605551275463989
23,9,0.9271758198738098,0.8642383813858032,3.605551275463989
23,10,0.9247675538063049,0.8600628972053528,3.605551275463989
23,11,0.9377990365028381,0.8828828930854797,5.385164807134504
23,12,0.9266770482063293,0.8633720874786377,17.69180601295413
23,13,0.9195046424865723,0.8510028719902039,17.69180601295413
23,14,0.9022777080535889,0.8219544887542725,8.94427190999916
23,15,0.9184605479240417,0.8492159247398376,8.06225774829855
24,0,0.9082969427108765,0.8320000171661377,7.211102550927978
24,1,0.9132029414176941,0.8402699828147888,6.324555320336759
24,2,0.9149941205978394,0.8433079719543457,4.47213595499958
24,3,0.9291338324546814,0.8676470518112183,3.605551275463989
24,4,0.9384359121322632,0.8840125203132629,3.605551275463989
24,5,0.9449082016944885,0.8955696225166321,3.0
24,6,0.9280767440795898,0.8658051490783691,4.0
24,7,0.9174503684043884,0.8474903702735901,3.1622776601683795
24,8,0.9202898740768433,0.8523489832878113,3.0
24,9,0.9171443581581116,0.8469682335853577,3.0
24,10,0.9206827282905579,0.8530232310295105,4.0
24,11,0.9244444370269775,0.8595041036605835,4.0
24,12,0.9266101121902466,0.8632557988166809,3.0
24,13,0.9168357253074646,0.846441924571991,5.0
24,14,0.9167544841766357,0.8463035225868225,3.605551275463989
24,15,0.7516108751296997,0.6020646095275879,13.45362404707371
25,0,0.7855650782585144,0.646856427192688,13.0
25,1,0.8216311931610107,0.6972615122795105,14.866068747318506
25,2,0.851197361946106,0.7409430742263794,15.620499351813308
25,3,0.8531402349472046,0.7438923716545105,20.615528128088304
25,4,0.8680641055107117,0.7668845057487488,19.1049731745428
25,5,0.8766136169433594,0.7803313732147217,18.439088914585774
25,6,0.8690783977508545,0.7684691548347473,17.69180601295413
25,7,0.8726919293403625,0.7741379141807556,14.7648230602334
25,8,0.88655686378479,0.7962300181388855,12.36931687685298
25,9,0.9107028245925903,0.8360462188720703,7.280109889280518
25,10,0.915464460849762,0.8441073298454285,7.211102550927978
25,11,0.9277991652488708,0.8653222322463989,6.708203932499369
25,12,0.9392333030700684,0.885428786277771,6.0
25,13,0.9411475658416748,0.8888373374938965,8.0
25,14,0.9382050037384033,0.8836027979850769,9.219544457292887
25,15,0.9334635734558105,0.8752289414405823,9.848857801796104
26,0,0.9371386170387268,0.8817129731178284,10.770329614269007
26,1,0.9333003759384155,0.8749421238899231,11.661903789690601
26,2,0.9255225658416748,0.8613699674606323,10.770329614269007
26,3,0.9287133812904358,0.8669139742851257,9.0
26,4,0.9362860321998596,0.8802046775817871,5.0990195135927845
26,5,0.9408429861068726,0.8882941603660583,6.082762530298219
26,6,0.9430534839630127,0.8922433853149414,6.0
26,7,0.9378238320350647,0.8829268217086792,6.4031242374328485
26,8,0.9343610405921936,0.876808226108551,7.0
26,9,0.9344879388809204,0.8770318031311035,7.0
26,10,0.9323232173919678,0.8732261061668396,5.385164807134504
26,11,0.9278827905654907,0.8654676079750061,7.280109889280518
26,12,0.911503255367279,0.8373963832855225,7.810249675906654
26,13,0.8897475004196167,0.8013920187950134,7.280109889280518
26,14,0.871999979019165,0.7730496525764465,8.0
26,15,0.872786283493042,0.7742864489555359,7.810249675906654
27,0,0.8693816065788269,0.7689434289932251,7.0710678118654755
27,1,0.8800123929977417,0.7857340574264526,5.656854249492381
27,2,0.8751770853996277,0.7780576348304749,5.0
27,3,0.8707305192947388,0.7710564136505127,5.385164807134504
27,4,0.8488935232162476,0.7374587059020996,9.486832980505138
27,5,0.81137615442276,0.6826180815696716,10.63014581273465
27,6,0.7588270306587219,0.6113789677619934,15.524174696260024
27,7,0.705773651599884,0.5453247427940369,24.596747752497688
27,8,0.6616175174713135,0.4943411350250244,28.42534080710379
27,9,0.6965602040290833,0.534401535987854,35.90264614203248
27,10,0.7575221061706543,0.6096866130828857,34.539832078341085
27,11,0.8344887495040894,0.715985119342804,34.92849839314596
27,12,0.8673139214515686,0.7657142877578735,35.77708763999664
27,13,0.8532991409301758,0.7441340684890747,32.14031735997639
27,14,0.7941415905952454,0.6585695147514343,31.78049716414141
27,15,0.6818830370903015,0.5173160433769226,32.984845004941285
28,0,0.447674423456192,0.28838950395584106,60.876925020897694
28,1,0.5731707215309143,0.4017094075679779,68.06614430096654
28,2,0.3428571820259094,0.20689657330513,63.788713735268246
28,3,0.9186569452285767,0.8495518565177917,8.54400374531753
28,4,0.9177989363670349,0.848085343837738,7.615773105863909
28,5,0.9037487506866455,0.8243992328643799,50.695167422546305
28,6,0.8878410458564758,0.7983040809631348,51.419840528729765
28,7,0.8952381014823914,0.8103448152542114,6.082762530298219
28,8,0.8886590600013733,0.7996277809143066,10.0
28,9,0.8692196607589722,0.7686901092529297,7.211102550927978
28,10,0.8121257424354553,0.6836798787117004,16.278820596099706
28,11,0.8003084063529968,0.6670951247215271,17.204650534085253
28,12,0.7728000283241272,0.629726231098175,23.430749027719962
28,13,0.8010096549987793,0.6680701971054077,23.853720883753127
28,14,0.8115566968917847,0.6828737258911133,24.186773244895647
28,15,0.7866071462631226,0.6482707858085632,24.166091947189145
29,0,0.7561436891555786,0.6079027652740479,23.853720883753127
29,1,0.7456446290016174,0.5944444537162781,23.021728866442675
29,2,0.7437465190887451,0.5920354127883911,24.698178070456937
29,3,0.7648208737373352,0.6191983222961426,22.847319317591726
29,4,0.8042977452278137,0.6726572513580322,22.825424421026653
29,5,0.7939339876174927,0.6582840085029602,12.083045973594572
29,6,0.8237511515617371,0.7003205418586731,7.280109889280518
29,7,0.8209523558616638,0.6962843537330627,6.324555320336759
29,8,0.7661375403404236,0.6209262609481812,10.0
29,9,0.7647058963775635,0.6190476417541504,20.615528128088304
29,10,0.7688171863555908,0.624454140663147,23.600847442411894
29,11,0.7345132827758789,0.5804196000099182,25.553864678361276
29,12,0.6631944179534912,0.4961038827896118,26.076809620810597
29,13,0.542443037033081,0.37215909361839294,26.248809496813376
29,14,0.558922529220581,0.38785046339035034,13.0
29,15,0.5952380895614624,0.4237288236618042,30.23243291566195
30,0,0.5202311873435974,0.3515625,30.528675044947494
30,1,0.40875911712646484,0.2568807601928711,90.79647570252934
30,2,3.1249999921101335e-08,3.1249999921101335e-08,46.87216658103186
30,3,5.649717582656422e-09,5.649717582656422e-09,80.95677859203639
30,4,0.7948051691055298,0.6594827771186829,80.62257748298549
30,5,0.8986083269119263,0.8158844709396362,3.0
30,6,0.9246231317520142,0.8598130941390991,6.324555320336759
30,7,0.9120234847068787,0.8382749557495117,5.385164807134504
30,8,0.9219143390655518,0.855140209197998,4.0
30,9,0.9312977194786072,0.8714285492897034,5.0
30,10,0.9317507147789001,0.8722222447395325,6.0
30,11,0.9003623127937317,0.8187808990478516,5.830951894845301
30,12,0.9093959927558899,0.8338461518287659,12.165525060596439
30,13,0.9028400778770447,0.8228882551193237,12.041594578792296
30,14,0.9077637791633606,0.8311057090759277,13.152946437965905
30,15,0.8933333158493042,0.8072289228439331,12.0
31,0,0.9002242088317871,0.8185524940490723,8.602325267042627
31,1,0.9171717166900635,0.8470149040222168,7.615773105863909
31,2,0.9355586171150208,0.8789198398590088,5.0
31,3,0.936487078666687,0.8805601596832275,5.0
31,4,0.9293182492256165,0.867968738079071,10.816653826391969
31,5,0.9246878623962402,0.8599250912666321,11.313708498984761
31,6,0.929599404335022,0.8684592843055725,8.0
31,7,0.926970362663269,0.8638814091682434,10.04987562112089
31,8,0.9314029812812805,0.8716129064559937,8.54400374531753
31,9,0.9229268431663513,0.8568840622901917,11.180339887498949
31,10,0.9115151762962341,0.8374164700508118,13.601470508735444
31,11,0.9011114239692688,0.8200207352638245,13.892443989449804
31,12,0.9299848079681396,0.8691322803497314,4.0
31,13,0.9478138089179993,0.9008042812347412,2.23606797749979
31,14,0.9547101259231567,0.9133448600769043,2.23606797749979
31,15,0.9585458040237427,0.9203916788101196,2.23606797749979
32,0,0.9601750373840332,0.9234007000923157,2.23606797749979
32,1,0.9590466022491455,0.9213155508041382,2.23606797749979
32,2,0.9573869705200195,0.9182572364807129,4.47213595499958
32,3,0.9540849328041077,0.9122011661529541,5.0
32,4,0.9479166865348816,0.9009901285171509,7.280109889280518
32,5,0.9449501633644104,0.895645022392273,8.06225774829855
32,6,0.9453107714653015,0.8962932229042053,8.06225774829855
32,7,0.9521240592002869,0.9086229205131531,5.830951894845301
32,8,0.9467156529426575,0.8988224864006042,7.0
32,9,0.9571033120155334,0.9177355170249939,7.0
32,10,0.95315021276474,0.9104938507080078,6.708203932499369
32,11,0.9592169523239136,0.9216300845146179,3.1622776601683795
32,12,0.9632899761199951,0.9291797280311584,3.605551275463989
32,13,0.9599437713623047,0.9229729771614075,3.605551275463989
32,14,0.9581151604652405,0.9195979833602905,6.082762530298219
32,15,0.9661388397216797,0.934495747089386,5.385164807134504
33,0,0.9656887054443359,0.9336538314819336,2.0
33,1,0.9672837853431702,0.9366405010223389,2.8284271247461903
33,2,0.9667532444000244,0.9356460571289062,2.23606797749979
33,3,0.9585326910018921,0.9203675389289856,2.23606797749979
33,4,0.9620184302330017,0.9268165230751038,2.0
33,5,0.9584379196166992,0.9201928377151489,2.8284271247461903
33,6,0.9508670568466187,0.9063360691070557,2.23606797749979
33,7,0.942307710647583,0.8909090757369995,2.8284271247461903
33,8,0.9433121085166931,0.8927064538002014,4.123105625617661
33,9,0.9311050772666931,0.8710912466049194,4.0
33,10,0.9402016997337341,0.8871515989303589,2.8284271247461903
33,11,0.930468738079071,0.8699780702590942,2.8284271247461903
33,12,0.9417229890823364,0.8898643255233765,3.1622776601683795
33,13,0.9487965106964111,0.9025811553001404,2.23606797749979
33,14,0.9612545967102051,0.925399661064148,6.082762530298219
33,15,0.9550669193267822,0.9139981865882874,2.0
34,0,0.9532044529914856,0.910592794418335,2.0
34,1,0.943027675151825,0.8921971321105957,5.0
34,2,0.945807158946991,0.8971861600875854,3.605551275463989
34,3,0.9448621273040771,0.8954869508743286,2.23606797749979
34,4,0.924580991268158,0.8597402572631836,2.23606797749979
34,5,0.9079160094261169,0.831360936164856,4.242640687119285
34,6,0.9175355434417725,0.8476357460021973,8.48528137423857
34,7,0.9207708835601807,0.85317462682724,4.0
34,8,0.8646616339683533,0.7615894079208374,5.0
34,9,0.8536585569381714,0.7446808218955994,2.23606797749979
34,10,0.8499025106430054,0.7389830350875854,3.605551275463989
34,11,0.7978141903877258,0.6636363863945007,2.0
34,12,0.6929134130477905,0.5301204919815063,2.23606797749979
34,13,0.6771653294563293,0.511904776096344,6.0
34,14,0.4871794879436493,0.32203394174575806,3.0
34,15,0.7817122340202332,0.6416482925415039,23.194827009486403
35,0,0.7388128042221069,0.5858073830604553,23.021728866442675
35,1,0.741740345954895,0.5894970297813416,23.769728648009426
35,2,0.7471992373466492,0.5964230298995972,25.45584412271571
35,3,0.7554630637168884,0.6070234179496765,26.248809496813376
35,4,0.7543368935585022,0.6055705547332764,26.90724809414742
35,5,0.7471333742141724,0.5963391065597534,26.248809496813376
35,6,0.7564697861671448,0.6083244681358337,27.586228448267445
35,7,0.744837760925293,0.5934194922447205,27.586228448267445
35,8,0.6637856364250183,0.4967658519744873,28.319604517012593
35,9,0.4984551966190338,0.33196160197257996,59.405386961116584
35,10,0.3432258069515228,0.20716510713100433,24.166091947189145
35,11,0.3149847090244293,0.18693284690380096,18.384776310850235
35,12,0.2640901803970337,0.15213358402252197,63.28506932918696
35,13,2.1929824622901606e-09,2.1929824622901606e-09,62.289646009589745
35,14,0.00428265705704689,0.002145924838259816,35.014282800023196
35,15,2.375296848100561e-09,2.375296848100561e-09,
36,0,0.03614458069205284,0.01840491034090519,25.317977802344327
36,1,0.34700316190719604,0.2099236696958542,18.0
36,2,0.31893688440322876,0.18972331285476685,17.029386365926403
36,3,0.230158731341362,0.1300448477268219,71.7007670809734
36,4,0.23463687300682068,0.13291139900684357,76.24303246854758
36,5,1.333333354835986e-08,1.333333354835986e-08,87.14355971613737
36,6,2.2222222284540294e-08,2.2222222284540294e-08,72.83543093852057
36,7,0.7297805547714233,0.574531078338623,14.0
36,8,0.8324162364006042,0.7129391431808472,6.082762530298219
36,9,0.8795235753059387,0.7849550247192383,6.4031242374328485
36,10,0.9047419428825378,0.8260536193847656,7.0710678118654755
36,11,0.9225981831550598,0.8563176989555359,7.0
36,12,0.930808424949646,0.8705722093582153,8.0
36,13,0.9266822934150696,0.8633811473846436,4.242640687119285
36,14,0.9324659109115601,0.873476505279541,5.0
36,15,0.9362584948539734,0.8801560997962952,4.0
37,0,0.9423558712005615,0.8909952640533447,16.492422502470642
37,1,0.9379128217697144,0.8830845952033997,15.811388300841896
37,2,0.9269648790359497,0.8638718724250793,14.866068747318506
37,3,0.9194679856300354,0.8509399890899658,9.055385138137417
37,4,0.9133633971214294,0.8405417203903198,10.295630140987
37,5,0.9192264080047607,0.8505263328552246,10.44030650891055
37,6,0.9161553978919983,0.845283031463623,8.06225774829855
37,7,0.913506031036377,0.8407832980155945,9.0
37,8,0.9169940948486328,0.8467119932174683,9.848857801796104
37,9,0.9147247076034546,0.842850387096405,11.045361017187261
37,10,0.9144880175590515,0.8424485921859741,12.041594578792296
37,11,0.9134808778762817,0.8407407402992249,13.152946437965905
37,12,0.9173157811164856,0.8472606539726257,16.0312195418814
37,13,0.9196181297302246,0.8511972427368164,17.26267650163207
37,14,0.9242472052574158,0.859163224697113,15.297058540778355
37,15,0.9432258009910583,0.8925518989562988,15.811388300841896
38,0,0.9431216716766357,0.8923654556274414,3.605551275463989
38,1,0.9396018981933594,0.8860841393470764,6.082762530298219
38,2,0.9475157260894775,0.9002659320831299,3.0
38,3,0.9375225901603699,0.882392942905426,3.605551275463989
38,4,0.9330812692642212,0.8745570778846741,5.0
38,5,0.9194238781929016,0.8508645296096802,9.219544457292887
38,6,0.9043270945549011,0.8253623247146606,17.46424919657298
38,7,0.8774929046630859,0.7817258834838867,19.1049731745428
38,8,0.8903709650039673,0.8024042248725891,17.11724276862369
38,9,0.8980810046195984,0.8150154948234558,16.55294535724685
38,10,0.9074811935424805,0.8306320905685425,13.038404810405298
38,11,0.8971454501152039,0.8134757876396179,7.615773105863909
38,12,0.8865603804588318,0.7962356805801392,8.94427190999916
38,13,0.8777111172676086,0.7820723652839661,8.602325267042627
38,14,0.874708890914917,0.7773178815841675,6.4031242374328485
38,15,0.88463294506073,0.7931316494941711,5.656854249492381
39,0,0.9046967625617981,0.8259783387184143,7.0710678118654755
39,1,0.9090909361839294,0.8333333134651184,8.48528137423857
39,2,0.9199817180633545,0.8518204689025879,7.810249675906654
39,3,0.9267618656158447,0.8635193109512329,7.615773105863909
39,4,0.9116674661636353,0.8376736044883728,8.54400374531753
39,5,0.8841372728347778,0.7923350930213928,7.280109889280518
39,6,0.8572973012924194,0.7502365112304688,7.615773105863909
39,7,0.8375229835510254,0.7204641103744507,8.06225774829855
39,8,0.8357524871826172,0.7178477644920349,8.06225774829855
39,9,0.8439849615097046,0.73008131980896,10.44030650891055
39,10,0.9019607901573181,0.8214285969734192,9.219544457292887
39,11,0.902160108089447,0.8217592835426331,2.0
39,12,0.8963414430618286,0.8121547102928162,2.23606797749979
39,13,0.9053803086280823,0.8271186351776123,3.0
39,14,0.8571428656578064,0.75,5.0990195135927845
39,15,0.8086956739425659,0.6788321137428284,46.389654018972806
40,0,0.6424242258071899,0.4732142984867096,48.16637831516918
40,1,0.60550457239151,0.43421053886413574,48.25971404805462
40,2,0.465753436088562,0.3035714626312256,48.30113870293329
40,3,0.4642857611179352,0.30232560634613037,24.186773244895647
40,4,0.40000003576278687,0.2500000298023224,24.698178070456937
40,5,0.4897959530353546,0.3243243396282196,20.09975124224178
40,6,0.40000003576278687,0.2500000298023224,21.02379604162864
40,7,0.3750000298023224,0.23076924681663513,22.02271554554524
40,8,0.3750000298023224,0.23076924681663513,16.76305461424021
40,9,0.2800000309944153,0.1627907156944275,9.486832980505138
40,10,0.5112782120704651,0.34343433380126953,17.11724276862369
40,11,0.4372093081474304,0.2797619104385376,17.11724276862369
40,12,0.4732394218444824,0.3099631071090698,15.620499351813308
40,13,0.4697754681110382,0.30699774622917175,10.04987562112089
40,14,0.5808656215667725,0.4093098044395447,12.0
40,15,0.6877192854881287,0.5240641832351685,11.045361017187261
41,0,0.7594085931777954,0.6121343374252319,9.486832980505138
41,1,0.8131623268127441,0.6851503849029541,9.848857801796104
41,2,0.8347228765487671,0.7163299918174744,10.295630140987
41,3,0.8689839839935303,0.7683215141296387,7.211102550927978
41,4,0.8891615271568298,0.8004418015480042,10.295630140987
41,5,0.8948580026626587,0.8097222447395325,10.295630140987
41,6,0.8997867703437805,0.817829430103302,6.708203932499369
41,7,0.9014647006988525,0.8206060528755188,5.830951894845301
41,8,0.9086901545524597,0.8326601386070251,6.0
41,9,0.921099841594696,0.8537396192550659,6.0
41,10,0.9302725791931152,0.8696351647377014,5.385164807134504
41,11,0.9289678335189819,0.8673574924468994,6.324555320336759
41,12,0.925285816192627,0.8609599471092224,5.830951894845301
41,13,0.9225606322288513,0.8562529683113098,6.0
41,14,0.9185407161712646,0.8493530750274658,7.0
41,15,0.9231517314910889,0.8572719097137451,6.708203932499369
42,0,0.9213216304779053,0.8541207313537598,6.082762530298219
42,1,0.9180098176002502,0.8484455943107605,6.0
42,2,0.9121928811073303,0.8385612964630127,6.324555320336759
42,3,0.9119788408279419,0.8381994962692261,6.4031242374328485
42,4,0.9200771450996399,0.8519841432571411,6.708203932499369
42,5,0.9335576295852661,0.875394344329834,6.708203932499369
42,6,0.9430158138275146,0.8921759724617004,5.0
42,7,0.9537149667739868,0.9115250110626221,6.082762530298219
42,8,0.9561896920204163,0.9160569906234741,5.0990195135927845
42,9,0.956939697265625,0.9174346923828125,5.0990195135927845
42,10,0.9595190286636353,0.9221879839897156,4.0
42,11,0.9593495726585388,0.921875,6.082762530298219
42,12,0.9561769366264343,0.9160335659980774,5.385164807134504
42,13,0.9608891010284424,0.9247223138809204,3.1622776601683795
42,14,0.9602446556091309,0.9235293865203857,3.605551275463989
42,15,0.955304741859436,0.9144338965415955,4.0
43,0,0.9483041167259216,0.9016903638839722,3.605551275463989
43,1,0.9394521713256836,0.88581782579422,4.242640687119285
43,2,0.9465385675430298,0.898503303527832,3.605551275463989
43,3,0.948223352432251,0.9015443921089172,3.605551275463989
43,4,0.9461296796798706,0.8977667689323425,3.605551275463989
43,5,0.9500823020935059,0.9049111604690552,3.0
43,6,0.9391812682151794,0.8853362798690796,2.23606797749979
43,7,0.933163583278656,0.8747016787528992,5.0
43,8,0.9248275756835938,0.8601667881011963,4.47213595499958
43,9,0.927812397480011,0.8653451800346375,2.23606797749979
43,10,0.9185126423835754,0.8493050336837769,2.23606797749979
43,11,0.9119305610656738,0.8381180167198181,3.605551275463989
43,12,0.888671875,0.7996485233306885,4.0
43,13,0.8680516481399536,0.766865074634552,3.605551275463989
43,14,0.9178356528282166,0.8481481671333313,6.708203932499369
43,15,0.9321561455726624,0.8729329705238342,7.0710678118654755
44,0,0.9159197807312012,0.8448818922042847,9.433981132056603
44,1,0.9178557395935059,0.8481824398040771,4.0
44,2,0.9356101155281067,0.8790106773376465,3.605551275463989
44,3,0.9391647577285767,0.8853068947792053,11.40175425099138
44,4,0.9372307658195496,0.8818761110305786,10.198039027185569
44,5,0.9279305338859558,0.8655507564544678,6.708203932499369
44,6,0.9252363443374634,0.8608741760253906,5.656854249492381
44,7,0.9332950115203857,0.874932587146759,4.0
44,8,0.9291431903839111,0.8676633238792419,4.123105625617661
44,9,0.9304007291793823,0.8698591589927673,5.0
44,10,0.9349294304847717,0.8778098225593567,6.324555320336759
44,11,0.951053261756897,0.9066745638847351,4.47213595499958
44,12,0.9529051780700684,0.9100467562675476,9.433981132056603
44,13,0.9425082206726074,0.8912675976753235,4.0
44,14,0.9614700675010681,0.9257990717887878,2.0
44,15,0.9618884921073914,0.9265753626823425,2.23606797749979
45,0,0.9560053944587708,0.9157187342643738,5.0
45,1,0.9577684998512268,0.9189594984054565,3.1622776601683795
45,2,0.950169563293457,0.9050695896148682,3.605551275463989
45,3,0.9387646317481995,0.8845961093902588,3.605551275463989
45,4,0.9397457242012024,0.8863399624824524,3.1622776601683795
45,5,0.9379310607910156,0.8831169009208679,3.605551275463989
45,6,0.9412838220596313,0.8890804648399353,8.246211251235321
45,7,0.9097057580947876,0.8343672752380371,7.615773105863909
45,8,0.9238171577453613,0.8584202527999878,8.246211251235321
45,9,0.9141886234283447,0.8419405221939087,29.206163733020468
45,10,0.9024163484573364,0.8221845626831055,4.47213595499958
45,11,0.8950391411781311,0.8100188970565796,3.0
45,12,0.8884488344192505,0.7992874383926392,4.242640687119285
45,13,0.8569009304046631,0.7496296167373657,7.0710678118654755
45,14,0.7950170040130615,0.6597744226455688,6.0
45,15,0.653399646282196,0.4852216839790344,5.385164807134504
46,0,0.6647058725357056,0.4977973699569702,5.0
46,1,0.8823529481887817,0.7894737124443054,1.0
46,2,0.7254902124404907,0.5692307949066162,69.81403870282824
46,3,1.9607842460800384e-08,1.9607842460800384e-08,78.81624198095213
46,4,0.8909146189689636,0.80328768491745,5.385164807134504
46,5,0.919197678565979,0.8504772186279297,4.242640687119285
46,6,0.9205065965652466,0.8527209162712097,5.0990195135927845
46,7,0.9469214677810669,0.899193525314331,2.23606797749979
46,8,0.9448689818382263,0.8954992294311523,4.0
46,9,0.9271676540374756,0.8642241358757019,2.8284271247461903
46,10,0.9170305728912354,0.8467742204666138,5.0
46,11,0.8863868713378906,0.7959558963775635,5.0
46,12,0.8607003688812256,0.755464494228363,5.830951894845301
46,13,0.8551298975944519,0.7469230890274048,5.830951894845301
46,14,0.8664332032203674,0.7643424272537231,13.0
46,15,0.8767721056938171,0.7805825471878052,13.0
47,0,0.8672364950180054,0.7655935883522034,15.652475842498529
47,1,0.8861929774284363,0.795643150806427,18.027756377319946
47,2,0.8912158012390137,0.8037775158882141,17.88854381999832
47,3,0.8820093274116516,0.7889237403869629,15.0
47,4,0.8968713879585266,0.8130252361297607,7.280109889280518
47,5,0.890868604183197,0.8032128810882568,6.324555320336759
47,6,0.8880475759506226,0.798638105392456,6.324555320336759
47,7,0.8625277280807495,0.7582846283912659,6.708203932499369
47,8,0.833234429359436,0.7141404151916504,9.0
47,9,0.8024844527244568,0.6701244711875916,45.17742799230607
47,10,0.795825183391571,0.6608884334564209,46.52956049652737
47,11,0.7358229756355286,0.5820568799972534,48.54894437575342
47,12,0.7191726565361023,0.5614906549453735,49.4064773081425
47,13,0.7419354915618896,0.5897436141967773,48.83646178829912
47,14,0.7184833884239197,0.5606508851051331,50.91168824543142
47,15,0.6653919816017151,0.4985673427581787,51.62363799656123
48,0,0.6499477624893188,0.48142415285110474,53.03772242470448
48,1,0.5850673317909241,0.4134947955608368,52.009614495783374
48,2,0.5568862557411194,0.3858921229839325,52.69724850502159
48,3,3.322259134463934e-09,3.322259134463934e-09,55.46169849544819
48,4,4.291845545623119e-09,4.291845545623119e-09,56.568542494923804
48,5,5.181347351168597e-09,5.181347351168597e-09,57.0701322935211
48,6,5.98802385454178e-09,5.98802385454178e-09,58.52349955359813
48,7,7.142856617292637e-08,7.142856617292637e-08,
48,8,1.639344304749102e-08,1.639344304749102e-08,
48,9,0.4545454680919647,0.29411765933036804,11.045361017187261
48,10,0.5700483322143555,0.3986486494541168,9.0
48,11,0.6408450603485107,0.4715026021003723,10.0
48,12,0.8643215894699097,0.76106196641922,2.8284271247461903
48,13,0.8918322324752808,0.804780900478363,2.8284271247461903
48,14,0.8897795677185059,0.8014440536499023,4.0
48,15,0.8961748480796814,0.8118811845779419,4.0
49,0,0.8804159164428711,0.7863777279853821,4.47213595499958
49,1,0.876800000667572,0.7806267738342285,5.0
49,2,0.8597285151481628,0.7539682388305664,5.0
49,3,0.84375,0.7297297120094299,4.47213595499958
49,4,0.8712871074676514,0.7719298005104065,4.123105625617661
49,5,0.8804500699043274,0.786432147026062,4.0
49,6,0.8872832655906677,0.7974026203155518,5.0
49,7,0.8622754216194153,0.75789475440979,5.385164807134504
49,8,0.8571428656578064,0.75,6.082762530298219
49,9,0.8288590312004089,0.7077363729476929,6.708203932499369
49,10,0.8065099716186523,0.6757575869560242,5.656854249492381
49,11,0.7985348105430603,0.6646341681480408,5.385164807134504
49,12,0.7268993854522705,0.5709677338600159,5.385164807134504
49,13,0.7215496301651001,0.564393937587738,5.385164807134504
49,14,0.7142857313156128,0.5555555820465088,5.0
49,15,0.6881720423698425,0.5245901346206665,4.242640687119285
50,0,0.5756097435951233,0.4041095972061157,5.0
50,1,9.174311976778426e-09,9.174311976778426e-09,
50,2,1.639344304749102e-08,1.639344304749102e-08,
50,3,0.6322580575942993,0.46226415038108826,12.083045973594572
50,4,0.7492063641548157,0.5989847779273987,11.180339887498949
50,5,0.8467966318130493,0.7342995405197144,4.0
50,6,0.8177340030670166,0.6916666626930237,4.0
50,7,0.8483685255050659,0.7366666793823242,3.1622776601683795
50,8,0.842300534248352,0.7275640964508057,3.605551275463989
50,9,0.8523489832878113,0.7426900863647461,4.47213595499958
50,10,0.8313252925872803,0.7113401889801025,30.675723300355934
50,11,0.7924528121948242,0.65625,13.0
50,12,0.7370303869247437,0.5835694074630737,35.90264614203248
50,13,0.7488532066345215,0.5985334515571594,16.0312195418814
50,14,0.7847314476966858,0.6457267999649048,23.08679276123039
50,15,0.8455402255058289,0.7324120402336121,12.727922061357855
51,0,0.8565573692321777,0.7491039633750916,44.553338819890925
51,1,0.8788335919380188,0.7838565111160278,11.661903789690601
51,2,0.889537513256073,0.8010513782501221,10.198039027185569
51,3,0.9094254970550537,0.833895742893219,15.556349186104045
51,4,0.9382668137550354,0.8837124109268188,6.4031242374328485
51,5,0.9294860363006592,0.868261456489563,10.44030650891055
51,6,0.9614915251731873,0.9258389472961426,9.848857801796104
51,7,0.937369167804718,0.882121205329895,13.601470508735444
51,8,0.9347068667411804,0.8774175047874451,11.180339887498949
51,9,0.9438004493713379,0.8935815691947937,6.0
51,10,0.9578622579574585,0.9191321730613708,4.0
51,11,0.9514731168746948,0.9074380397796631,5.0
51,12,0.9371185302734375,0.8816773295402527,11.180339887498949
51,13,0.9494462013244629,0.9037577509880066,10.770329614269007
51,14,0.9593031406402588,0.9217892289161682,43.829214001622255
51,15,0.9470360279083252,0.8994002342224121,11.045361017187261
52,0,0.8989719152450562,0.8164840340614319,8.0
52,1,0.9338436126708984,0.8758974075317383,7.810249675906654
52,2,0.9369202256202698,0.8813263773918152,8.94427190999916
52,3,0.9450809955596924,0.8958801627159119,7.810249675906654
52,4,0.9392511248588562,0.885460376739502,8.94427190999916
52,5,0.9224259257316589,0.8560209274291992,8.246211251235321
52,6,0.9229971766471863,0.8570052981376648,10.295630140987
52,7,0.9292685985565186,0.8678821325302124,9.433981132056603
52,8,0.9235988855361938,0.858043372631073,10.63014581273465
52,9,0.9081416726112366,0.8317394852638245,8.48528137423857
52,10,0.883867084980011,0.7919012904167175,9.899494936611665
52,11,0.8890986442565918,0.8003398180007935,14.560219778561036
52,12,0.8743734955787659,0.7767882943153381,29.410882339705484
52,13,0.8553076386451721,0.7471943497657776,29.68164415931166
52,14,0.860112726688385,0.7545595169067383,22.847319317591726
52,15,0.8683035969734192,0.7672584056854248,21.840329667841555
53,0,0.894600510597229,0.8093006610870361,23.40939982143925
53,1,0.8655548691749573,0.7629764080047607,27.313000567495326
53,2,0.8745165467262268,0.7770141363143921,24.020824298928627
53,3,0.904295027256012,0.8253089189529419,19.1049731745428
53,4,0.903870165348053,0.8246013522148132,18.24828759089466
53,5,0.8633324503898621,0.7595294117927551,22.47220505424423
53,6,0.8704908490180969,0.7706806063652039,21.02379604162864
53,7,0.8718617558479309,0.7728323936462402,21.095023109728988
53,8,0.878679096698761,0.7836107611656189,21.93171219946131
53,9,0.8863039612770081,0.7958220839500427,16.401219466856727
53,10,0.9078013896942139,0.8311688303947449,14.7648230602334
53,11,0.908196747303009,0.8318318128585815,13.038404810405298
53,12,0.9224772453308105,0.8561093211174011,14.212670403551895
53,13,0.9034926295280457,0.8239731788635254,23.345235059857504
53,14,0.8899475932121277,0.8017167448997498,24.08318915758459
53,15,0.8886451125144958,0.799605131149292,17.204650534085253
54,0,0.8258528113365173,0.7033638954162598,33.94112549695428
54,1,0.8591851592063904,0.7531328201293945,34.48187929913333
54,2,0.8369659781455994,0.7196401953697205,35.11409973215888
54,3,0.8100734353065491,0.6807760000228882,36.05551275463989
54,4,0.7977839112281799,0.6635944843292236,36.05551275463989
54,5,0.7651821970939636,0.6196721196174622,37.33630940518894
54,6,0.6096256971359253,0.4384615421295166,26.570660511172846
54,7,0.7195122241973877,0.561904788017273,2.23606797749979
54,8,5.2631573765893336e-08,5.2631573765893336e-08,
54,9,3.571428308646318e-08,3.571428308646318e-08,31.38470965295043
54,10,3.7037032996067865e-08,3.7037032996067865e-08,29.68164415931166
54,11,2.5641025303002607e-08,2.5641025303002607e-08,54.91812087098393
54,12,0.644444465637207,0.4754098653793335,49.24428900898052
54,13,0.747474730014801,0.5967742204666138,48.76474136094644
54,14,0.421875,0.2673267424106598,14.0
54,15,0.8908554315567017,0.8031914830207825,2.23606797749979
55,0,0.8794326186180115,0.7848101258277893,21.840329667841555
55,1,0.853432297706604,0.7443365454673767,19.6468827043885
55,2,0.9225736260414124,0.8562753200531006,5.385164807134504
55,3,0.8765822649002075,0.780281662940979,6.4031242374328485
55,4,0.9292817711830139,0.8679050803184509,6.324555320336759
55,5,0.9345266222953796,0.8770999312400818,7.211102550927978
55,6,0.9353277683258057,0.8785123825073242,7.810249675906654
55,7,0.9400337934494019,0.8868525624275208,7.810249675906654
55,8,0.9409002065658569,0.888396143913269,7.211102550927978
55,9,0.933191180229187,0.8747501373291016,13.92838827718412
55,10,0.9633838534355164,0.9293544292449951,4.123105625617661
55,11,0.9732491970062256,0.9478922486305237,2.23606797749979
55,12,0.9769911766052246,0.9550173282623291,2.23606797749979
55,13,0.9791061878204346,0.9590676426887512,1.0
55,14,0.9696969985961914,0.9411764740943909,2.0
55,15,0.9748858213424683,0.9510022401809692,2.0
56,0,0.9710019826889038,0.9436383843421936,2.23606797749979
56,1,0.9732274413108826,0.9478510022163391,2.23606797749979
56,2,0.9764389991760254,0.9539626836776733,6.324555320336759
56,3,0.9765648245811462,0.9542028903961182,2.0
56,4,0.9751243591308594,0.9514563083648682,5.830951894845301
56,5,0.9699398875236511,0.9416342377662659,3.1622776601683795
56,6,0.9767962098121643,0.9546447992324829,2.0
56,7,0.979009211063385,0.9588815569877625,2.23606797749979
56,8,0.9648491740226746,0.9320855736732483,7.0710678118654755
56,9,0.9669421315193176,0.9359999895095825,5.656854249492381
56,10,0.9759734869003296,0.9530744552612305,2.0
56,11,0.9707927703857422,0.9432432651519775,2.0
56,12,0.9733669757843018,0.9481157660484314,2.23606797749979
56,13,0.9835970997810364,0.9677236676216125,4.123105625617661
56,14,0.9808027744293213,0.9623287916183472,5.0990195135927845
56,15,0.9779368042945862,0.9568261504173279,1.4142135623730951
57,0,0.9791921377182007,0.9592326283454895,2.0
57,1,0.9790951609611511,0.959046483039856,2.0
57,2,0.9796566963195801,0.9601246118545532,2.23606797749979
57,3,0.9786130785942078,0.9581218361854553,2.23606797749979
57,4,0.9628880023956299,0.9284319877624512,3.1622776601683795
57,5,0.96860671043396,0.9391244649887085,4.0
57,6,0.9780516028404236,0.9570459723472595,2.0
57,7,0.9796084761619568,0.9600319862365723,1.4142135623730951
57,8,0.9765057563781738,0.9540901780128479,2.23606797749979
57,9,0.9497153759002686,0.9042457342147827,5.830951894845301
57,10,0.9736706018447876,0.9486921429634094,3.605551275463989
57,11,0.9734012484550476,0.9481807947158813,2.23606797749979
57,12,0.9373763799667358,0.8821340203285217,6.0
57,13,0.8729472756385803,0.7745398879051208,11.0
57,14,0.8472622632980347,0.7350000143051147,12.041594578792296
57,15,0.9351081252098083,0.878125011920929,2.23606797749979
58,0,0.8961538672447205,0.8118466734886169,2.23606797749979
58,1,0.9417721629142761,0.8899521827697754,1.0
58,2,0.9112903475761414,0.8370370268821716,1.0
58,3,1.8518518274390772e-08,1.8518518274390772e-08,28.792360097775937
58,4,0.8919969201087952,0.8050490617752075,8.48528137423857
58,5,0.9241025447845459,0.858913242816925,5.830951894845301
58,6,0.9391739964485168,0.8853232860565186,5.385164807134504
58,7,0.9663671255111694,0.934922993183136,8.246211251235321
58,8,0.9622689485549927,0.9272816181182861,10.0
58,9,0.9625374674797058,0.9277804493904114,10.0
58,10,0.9558252692222595,0.9153881669044495,9.219544457292887
58,11,0.9698616862297058,0.9414868354797363,6.082762530298219
58,12,0.9638792872428894,0.9302769899368286,5.656854249492381
58,13,0.9713574051856995,0.9443099498748779,6.082762530298219
58,14,0.9746803641319275,0.9506112337112427,6.4031242374328485
58,15,0.979438304901123,0.9597051739692688,3.605551275463989
59,0,0.975450873374939,0.9520782232284546,2.23606797749979
59,1,0.9562841653823853,0.9162303805351257,6.708203932499369
59,2,0.9630566835403442,0.9287457466125488,4.47213595499958
59,3,0.9541561603546143,0.9123314023017883,2.8284271247461903
59,4,0.9577605724334717,0.9189448356628418,3.605551275463989
59,5,0.9497863054275513,0.904374361038208,4.123105625617661
59,6,0.9456461668014526,0.8968963623046875,6.0
59,7,0.9492625594139099,0.9034250378608704,12.206555615733702
59,8,0.8976897597312927,0.8143712282180786,12.529964086141668
59,9,0.9109693169593811,0.8364955186843872,9.219544457292887
59,10,0.9355246424674988,0.8788598775863647,9.848857801796104
59,11,0.9403080940246582,0.8873410224914551,9.0
59,12,0.9485834240913391,0.9021956324577332,6.0
59,13,0.9325058460235596,0.8735465407371521,5.656854249492381
59,14,0.8969335556030273,0.8131273984909058,14.142135623730951
59,15,0.8979386687278748,0.8147810101509094,10.63014581273465
60,0,0.9189189076423645,0.8500000238418579,13.0
60,1,0.9194167256355286,0.8508522510528564,11.180339887498949
60,2,0.9163498282432556,0.8456140160560608,9.219544457292887
60,3,0.7904040217399597,0.6534446477890015,10.816653826391969
60,4,0.6915887594223022,0.5285714268684387,23.706539182259394
60,5,0.8733624219894409,0.7751938104629517,10.198039027185569
60,6,0.8999999761581421,0.8181818127632141,8.54400374531753
60,7,0.8979591727256775,0.8148148059844971,2.0
60,8,0.7123287916183472,0.5531915426254272,42.720018726587654
60,9,5.882352827057957e-09,5.882352827057957e-09,75.4254598925323
60,10,6.0240963328794805e-09,6.0240963328794805e-09,75.4254598925323
60,11,5.714285489233362e-09,5.714285489233362e-09,73.24616030891995
60,12,0.5283018946647644,0.3589743673801422,73.17103251970687
60,13,0.8360655903816223,0.7183098793029785,5.0
60,14,0.7320261597633362,0.5773195624351501,11.0
60,15,0.6050808429718018,0.43377482891082764,17.08800749063506
61,0,0.7098865509033203,0.5502512454986572,12.206555615733702
61,1,0.6775000095367432,0.5122873187065125,13.038404810405298
61,2,0.7996271848678589,0.6661490797996521,7.0710678118654755
61,3,0.8596214652061462,0.7538036108016968,7.0710678118654755
61,4,0.8714689016342163,0.7722152471542358,8.602325267042627
61,5,0.9065701961517334,0.8291069269180298,8.602325267042627
61,6,0.9260918498039246,0.8623566031455994,11.40175425099138
61,7,0.9288793206214905,0.8672032356262207,10.816653826391969
61,8,0.9321594834327698,0.872938871383667,11.40175425099138
61,9,0.9477283954620361,0.9006499648094177,4.0
61,10,0.9236640930175781,0.8581560254096985,5.0990195135927845
61,11,0.9160447716712952,0.8450946807861328,5.0990195135927845
61,12,0.9310508966445923,0.8709964156150818,5.656854249492381
61,13,0.9397705793380737,0.886384129524231,5.830951894845301
61,14,0.9364773631095886,0.8805429935455322,6.324555320336759
61,15,0.9397827982902527,0.8864059448242188,6.4031242374328485
62,0,0.940092146396637,0.886956512928009,39.11521443121589
62,1,0.9492063522338867,0.903323233127594,7.211102550927978
62,2,0.9371927976608276,0.8818088173866272,3.1622776601683795
62,3,0.9150556325912476,0.8434125185012817,5.0
62,4,0.9033047556877136,0.8236607313156128,9.055385138137417
62,5,0.9287964701652527,0.8670588135719299,9.0
62,6,0.9382213354110718,0.883631706237793,4.123105625617661
62,7,0.9400986433029175,0.8869680762290955,5.0
62,8,0.9284099340438843,0.8663854002952576,3.1622776601683795
62,9,0.8950788974761963,0.8100840449333191,3.0
62,10,0.8988529443740845,0.8162878751754761,8.54400374531753
62,11,0.7864693403244019,0.6480836272239685,14.7648230602334
62,12,0.7929515242576599,0.6569343209266663,2.8284271247461903
62,13,0.7532467246055603,0.6041666865348816,3.0
62,14,0.60550457239151,0.43421053886413574,48.010415536631214
62,15,0.6933333277702332,0.5306122899055481,50.80354318352215
63,0,0.7924528121948242,0.6562500596046448,51.85556864985669
63,1,0.6530612111091614,0.4848485291004181,51.73973328110612
63,2,0.800000011920929,0.6666666865348816,1.0
63,3,2.1276596484653965e-08,2.1276596484653965e-08,106.01886624558857
63,4,1.1111111142270147e-08,1.1111111142270147e-08,106.01886624558857
63,5,0.4776119291782379,0.3137255012989044,104.4030650891055
63,6,0.4524886906147003,0.2923976480960846,90.52071586106685
63,7,0.4882943034172058,0.32300883531570435,89.8276126811795
63,8,0.6113989353179932,0.44029849767684937,89.10667763978185
63,9,0.6206896305084229,0.44999998807907104,44.598206241955516
63,10,0.6819126605987549,0.5173501372337341,45.34313619501854
63,11,0.6074600219726562,0.43622449040412903,33.24154027718932
63,12,0.6485623121261597,0.4799054265022278,22.561028345356956
63,13,0.5543644428253174,0.38347458839416504,78.18567643756751
63,14,0.6000000238418579,0.4285714328289032,75.96051605933177
63,15,0.6570743322372437,0.4892857074737549,23.323807579381203
64,0,0.6199793815612793,0.44925373792648315,12.041594578792296
64,1,0.5747126340866089,0.4032258093357086,51.40038910358559
64,2,0.6332795023918152,0.46335697174072266,50.15974481593781
64,3,0.6973012685775757,0.5352743268013,49.64876634922564
64,4,0.7181518077850342,0.5602471828460693,48.60041152089147
64,5,0.7602196335792542,0.6131889820098877,48.33218389437829
64,6,0.784975528717041,0.6460573673248291,47.92702786528704
64,7,0.8059701323509216,0.675000011920929,47.20169488482379
64,8,0.8771248459815979,0.7811418771743774,46.09772228646444
64,9,0.9213690757751465,0.854202389717102,42.579337712087536
64,10,0.9249779582023621,0.8604269027709961,42.20189569201838
64,11,0.9389312863349915,0.8848921060562134,41.0
64,12,0.9605105519294739,0.9240214824676514,40.024992192379
64,13,0.9663677215576172,0.9349240660667419,3.605551275463989
64,14,0.969137966632843,0.9401238560676575,2.23606797749979
64,15,0.9728987812995911,0.9472277760505676,3.1622776601683795
65,0,0.9668214917182922,0.9357739090919495,5.0990195135927845
65,1,0.9753246903419495,0.9518377780914307,44.598206241955516
65,2,0.9784263968467712,0.9577639698982239,2.0
65,3,0.9666464328765869,0.93544602394104,4.0
65,4,0.9714943766593933,0.9445688724517822,2.23606797749979
65,5,0.971947193145752,0.9454253315925598,4.0
65,6,0.9733617305755615,0.9481058716773987,3.605551275463989
65,7,0.9728900194168091,0.9472111463546753,3.1622776601683795
65,8,0.9699339866638184,0.9416231513023376,3.0
65,9,0.9752262830734253,0.9516503810882568,2.8284271247461903
65,10,0.9741318821907043,0.9495683908462524,2.23606797749979
65,11,0.9767441749572754,0.9545454382896423,4.242640687119285
65,12,0.9770856499671936,0.9551979303359985,4.123105625617661
65,13,0.9798687100410461,0.9605319499969482,2.8284271247461903
65,14,0.9828447103500366,0.9662681221961975,2.0
65,15,0.98503577709198,0.9705128073692322,2.0
66,0,0.9863665699958801,0.9730998873710632,1.4142135623730951
66,1,0.9909326434135437,0.9820282459259033,1.0
66,2,0.9900733828544617,0.9803418517112732,1.4142135623730951
66,3,0.986471951007843,0.9733051061630249,1.4142135623730951
66,4,0.9890722036361694,0.9783806800842285,2.0
66,5,0.9894872307777405,0.9791932106018066,1.4142135623730951
66,6,0.9848877191543579,0.97022545337677,2.8284271247461903
66,7,0.98562091588974,0.9716494679450989,2.8284271247461903
66,8,0.9844536781311035,0.9693833589553833,3.605551275463989
66,9,0.9841269850730896,0.96875,2.23606797749979
66,10,0.9877641797065735,0.9758241772651672,1.4142135623730951
66,11,0.9866182804107666,0.9735899567604065,1.4142135623730951
66,12,0.9837360382080078,0.9679926633834839,1.4142135623730951
66,13,0.9844757318496704,0.969426155090332,2.23606797749979
66,14,0.9815553426742554,0.9637787342071533,2.0
66,15,0.9678105711936951,0.9376288652420044,2.8284271247461903
67,0,0.9594556093215942,0.9220708608627319,4.242640687119285
67,1,0.955990195274353,0.9156908392906189,4.47213595499958
67,2,0.9523174166679382,0.9089751839637756,4.47213595499958
67,3,0.9681435227394104,0.9382540583610535,7.0
67,4,0.9663273096084595,0.9348484873771667,8.94427190999916
67,5,0.9591659307479858,0.9215359091758728,8.06225774829855
67,6,0.9713211059570312,0.9442413449287415,8.0
67,7,0.9747729301452637,0.9507874250411987,2.0
67,8,0.9772984981536865,0.9556049108505249,1.4142135623730951
67,9,0.970965564250946,0.943569540977478,2.0
67,10,0.8790252208709717,0.7841615080833435,9.219544457292887
67,11,0.9071680307388306,0.8301075100898743,10.04987562112089
67,12,0.9450867176055908,0.8958904147148132,11.180339887498949
67,13,0.9827855825424194,0.9661538600921631,1.0
67,14,0.9829931855201721,0.9665551781654358,1.0
67,15,0.9836065769195557,0.9677419066429138,1.0
68,0,0.9780439138412476,0.95703125,1.0
68,1,0.9812206625938416,0.9631336331367493,1.0
68,2,0.8691983222961426,0.7686567306518555,3.0
68,3,0.29600000381469727,0.17370891571044922,66.46803743153546
68,4,0.9154228568077087,0.8440366983413696,1.4142135623730951
68,5,0.9527897238731384,0.9098360538482666,1.0
68,6,0.9353846311569214,0.8786126971244812,1.4142135623730951
68,7,0.8985507488250732,0.8157894611358643,11.045361017187261
68,8,0.9425287246704102,0.8913043737411499,2.23606797749979
68,9,0.9261363744735718,0.8624338507652283,5.0
68,10,0.9143576622009277,0.8422273993492126,4.123105625617661
68,11,0.9163879752159119,0.845678985118866,3.0
68,12,0.9094488024711609,0.833935022354126,2.8284271247461903
68,13,0.9411764740943909,0.8888888955116272,2.23606797749979
68,14,0.9548192620277405,0.9135446548461914,2.0
68,15,0.9484260082244873,0.9019108414649963,2.0
69,0,0.9668956995010376,0.9359129667282104,2.0
69,1,0.9751965999603271,0.9515938758850098,1.4142135623730951
69,2,0.9742990732192993,0.9498860836029053,1.0
69,3,0.9773123860359192,0.9556313753128052,1.4142135623730951
69,4,0.9795441031455994,0.9599083662033081,2.0
69,5,0.9803921580314636,0.9615384340286255,2.0
69,6,0.9632353186607361,0.9290780425071716,3.605551275463989
69,7,0.9534735679626465,0.9110840559005737,2.23606797749979
69,8,0.95686274766922,0.9172932505607605,2.0
69,9,0.9629629850387573,0.9285714030265808,1.4142135623730951
69,10,0.9567099809646606,0.9170124530792236,2.0
69,11,0.950419545173645,0.9055232405662537,6.324555320336759
69,12,0.9622331857681274,0.9272152185440063,1.4142135623730951
69,13,0.9468690752983093,0.8990991115570068,2.23606797749979
69,14,0.9253731369972229,0.8611111044883728,3.0
69,15,0.9357249736785889,0.8792135119438171,2.8284271247461903
70,0,0.9343936443328857,0.8768656849861145,2.0
70,1,0.9211822748184204,0.853881299495697,2.0
70,2,0.8351648449897766,0.7169811129570007,13.0
70,3,0.9292929172515869,0.8679245114326477,55.154328932550705
70,4,0.09174312651157379,0.04807693138718605,56.639209034025185
70,5,0.966292142868042,0.9347826242446899,4.0
70,6,0.9702109098434448,0.9421452879905701,7.810249675906654
70,7,0.9413327574729919,0.8891677260398865,7.810249675906654
70,8,0.9194082617759705,0.850837767124176,8.48528137423857
70,9,0.909956693649292,0.834789514541626,8.06225774829855
70,10,0.9015262126922607,0.8207080364227295,7.810249675906654
70,11,0.9038691520690918,0.8245996832847595,19.235384061671343
70,12,0.8910475969314575,0.8035039305686951,18.24828759089466
70,13,0.8632911443710327,0.7594654560089111,7.0710678118654755
70,14,0.8794911503791809,0.784903347492218,6.708203932499369
70,15,0.887333333492279,0.797483503818512,6.082762530298219
71,0,0.9024151563644409,0.8221825957298279,5.0990195135927845
71,1,0.9172524213790894,0.8471525311470032,5.0990195135927845
71,2,0.9278709292411804,0.8654470443725586,6.0
71,3,0.926368772983551,0.862837016582489,7.0710678118654755
71,4,0.9348822832107544,0.8777267336845398,5.830951894845301
71,5,0.9339622855186462,0.8761062026023865,5.656854249492381
71,6,0.9324836730957031,0.8735076785087585,6.708203932499369
71,7,0.9300060868263245,0.8691695332527161,7.810249675906654
71,8,0.9273760318756104,0.8645862936973572,5.0
71,9,0.9309383630752563,0.8707995414733887,7.0710678118654755
71,10,0.9223946928977966,0.855967104434967,7.0710678118654755
71,11,0.9257698655128479,0.8617984056472778,7.0710678118654755
71,12,0.9151712656021118,0.8436090350151062,7.810249675906654
71,13,0.9103655219078064,0.8354779481887817,8.602325267042627
71,14,0.9165120720863342,0.8458904027938843,13.601470508735444
71,15,0.9205106496810913,0.8527278304100037,11.704699910719626
72,0,0.9235613346099854,0.8579785227775574,9.433981132056603
72,1,0.9281986951828003,0.8660174608230591,20.223748416156685
72,2,0.9267025589942932,0.863416314125061,20.223748416156685
72,3,0.9319051504135132,0.8724928498268127,21.37755832643195
72,4,0.9396925568580627,0.8862453699111938,8.246211251235321
72,5,0.9444109797477722,0.8946768045425415,7.280109889280518
72,6,0.93243807554245,0.87342768907547,8.246211251235321
72,7,0.9200797080993652,0.8519884943962097,8.94427190999916
72,8,0.9228999018669128,0.8568376302719116,9.0
72,9,0.9345350861549377,0.8771148920059204,8.94427190999916
72,10,0.9333673715591431,0.8750598430633545,7.810249675906654
72,11,0.9522793889045715,0.9089058637619019,4.123105625617661
72,12,0.952296793460846,0.9089376330375671,6.4031242374328485
72,13,0.9609224796295166,0.924784243106842,4.242640687119285
72,14,0.9502360820770264,0.9051902890205383,4.242640687119285
72,15,0.941027820110321,0.8886237144470215,5.0
73,0,0.9479371309280396,0.9010270833969116,4.47213595499958
73,1,0.93544602394104,0.8787210583686829,11.180339887498949
73,2,0.9267563819885254,0.8635097742080688,13.601470508735444
73,3,0.9452914595603943,0.896258533000946,13.601470508735444
73,4,0.9451754093170166,0.8960499167442322,14.422205101855956
73,5,0.8700565099716187,0.7699999809265137,9.219544457292887
73,6,0.8962963223457336,0.8120805621147156,10.816653826391969
73,7,0.8028169274330139,0.6705882549285889,10.295630140987
